{"errors":[],"warnings":[],"namedChunkGroups":{"app":{"chunks":[3,10],"assets":["webpack-runtime-3ae10cc614c2c0f07152.js","webpack-runtime-3ae10cc614c2c0f07152.js.map","app-baaa5c63eaeaa79a26fb.js","app-baaa5c63eaeaa79a26fb.js.map"],"children":{},"childAssets":{}},"component---src-pages-404-js":{"chunks":[0,2,1,9],"assets":["0-eba09527e569e3add26b.js","0-eba09527e569e3add26b.js.map","2-14c9c0b13b8b07c151a1.js","2-14c9c0b13b8b07c151a1.js.map","1.79808fd2972cf7092f03.css","1-3a7a9f71d19a36c2cb92.js","1.79808fd2972cf7092f03.css.map","1-3a7a9f71d19a36c2cb92.js.map","component---src-pages-404-js-77bacfa8695011cf2a9d.js","component---src-pages-404-js-77bacfa8695011cf2a9d.js.map"],"children":{},"childAssets":{}},"component---src-i-18-n-redirect-js":{"chunks":[0,8],"assets":["0-eba09527e569e3add26b.js","0-eba09527e569e3add26b.js.map","component---src-i-18-n-redirect-js-4ffc1ce3616c5fb0b199.js","component---src-i-18-n-redirect-js-4ffc1ce3616c5fb0b199.js.map"],"children":{},"childAssets":{}},"component---src-pages-about-js":{"chunks":[0,2,1,7],"assets":["0-eba09527e569e3add26b.js","0-eba09527e569e3add26b.js.map","2-14c9c0b13b8b07c151a1.js","2-14c9c0b13b8b07c151a1.js.map","1.79808fd2972cf7092f03.css","1-3a7a9f71d19a36c2cb92.js","1.79808fd2972cf7092f03.css.map","1-3a7a9f71d19a36c2cb92.js.map","component---src-pages-about-js-ab3a56f4221eb1cc41a6.js","component---src-pages-about-js-ab3a56f4221eb1cc41a6.js.map"],"children":{},"childAssets":{}},"component---src-pages-contact-js":{"chunks":[0,2,1,6],"assets":["0-eba09527e569e3add26b.js","0-eba09527e569e3add26b.js.map","2-14c9c0b13b8b07c151a1.js","2-14c9c0b13b8b07c151a1.js.map","1.79808fd2972cf7092f03.css","1-3a7a9f71d19a36c2cb92.js","1.79808fd2972cf7092f03.css.map","1-3a7a9f71d19a36c2cb92.js.map","component---src-pages-contact-js-9902a37df42b9bd068d2.js","component---src-pages-contact-js-9902a37df42b9bd068d2.js.map"],"children":{},"childAssets":{}},"component---src-pages-index-js":{"chunks":[0,2,1,5],"assets":["0-eba09527e569e3add26b.js","0-eba09527e569e3add26b.js.map","2-14c9c0b13b8b07c151a1.js","2-14c9c0b13b8b07c151a1.js.map","1.79808fd2972cf7092f03.css","1-3a7a9f71d19a36c2cb92.js","1.79808fd2972cf7092f03.css.map","1-3a7a9f71d19a36c2cb92.js.map","component---src-pages-index-js-1d33dd28be3355844f60.js","component---src-pages-index-js-1d33dd28be3355844f60.js.map"],"children":{},"childAssets":{}}},"assetsByChunkName":{"app":["webpack-runtime-3ae10cc614c2c0f07152.js","app-baaa5c63eaeaa79a26fb.js"],"component---src-pages-404-js":["0-eba09527e569e3add26b.js","2-14c9c0b13b8b07c151a1.js","1.79808fd2972cf7092f03.css","1-3a7a9f71d19a36c2cb92.js","component---src-pages-404-js-77bacfa8695011cf2a9d.js"],"component---src-i-18-n-redirect-js":["0-eba09527e569e3add26b.js","component---src-i-18-n-redirect-js-4ffc1ce3616c5fb0b199.js"],"component---src-pages-about-js":["0-eba09527e569e3add26b.js","2-14c9c0b13b8b07c151a1.js","1.79808fd2972cf7092f03.css","1-3a7a9f71d19a36c2cb92.js","component---src-pages-about-js-ab3a56f4221eb1cc41a6.js"],"component---src-pages-contact-js":["0-eba09527e569e3add26b.js","2-14c9c0b13b8b07c151a1.js","1.79808fd2972cf7092f03.css","1-3a7a9f71d19a36c2cb92.js","component---src-pages-contact-js-9902a37df42b9bd068d2.js"],"component---src-pages-index-js":["0-eba09527e569e3add26b.js","2-14c9c0b13b8b07c151a1.js","1.79808fd2972cf7092f03.css","1-3a7a9f71d19a36c2cb92.js","component---src-pages-index-js-1d33dd28be3355844f60.js"]}}