{"errors":[],"warnings":[],"namedChunkGroups":{"app":{"chunks":[3,10],"assets":["webpack-runtime-b31f0be849e2fc1ac554.js","webpack-runtime-b31f0be849e2fc1ac554.js.map","app-baaa5c63eaeaa79a26fb.js","app-baaa5c63eaeaa79a26fb.js.map"],"children":{},"childAssets":{}},"component---src-pages-404-js":{"chunks":[0,2,1,9],"assets":["0-65c8130383827cc99e6b.js","0-65c8130383827cc99e6b.js.map","2-135341ab5b075461fb7c.js","2-135341ab5b075461fb7c.js.map","1.79808fd2972cf7092f03.css","1-bcc6120dd400d1099abe.js","1.79808fd2972cf7092f03.css.map","1-bcc6120dd400d1099abe.js.map","component---src-pages-404-js-99133e43bd9349fbb3e2.js","component---src-pages-404-js-99133e43bd9349fbb3e2.js.map"],"children":{},"childAssets":{}},"component---src-i-18-n-redirect-js":{"chunks":[0,8],"assets":["0-65c8130383827cc99e6b.js","0-65c8130383827cc99e6b.js.map","component---src-i-18-n-redirect-js-4f5ae5e909ac257c6353.js","component---src-i-18-n-redirect-js-4f5ae5e909ac257c6353.js.map"],"children":{},"childAssets":{}},"component---src-pages-about-js":{"chunks":[0,2,1,7],"assets":["0-65c8130383827cc99e6b.js","0-65c8130383827cc99e6b.js.map","2-135341ab5b075461fb7c.js","2-135341ab5b075461fb7c.js.map","1.79808fd2972cf7092f03.css","1-bcc6120dd400d1099abe.js","1.79808fd2972cf7092f03.css.map","1-bcc6120dd400d1099abe.js.map","component---src-pages-about-js-5df7f65a26c8a5686599.js","component---src-pages-about-js-5df7f65a26c8a5686599.js.map"],"children":{},"childAssets":{}},"component---src-pages-contact-js":{"chunks":[0,2,1,6],"assets":["0-65c8130383827cc99e6b.js","0-65c8130383827cc99e6b.js.map","2-135341ab5b075461fb7c.js","2-135341ab5b075461fb7c.js.map","1.79808fd2972cf7092f03.css","1-bcc6120dd400d1099abe.js","1.79808fd2972cf7092f03.css.map","1-bcc6120dd400d1099abe.js.map","component---src-pages-contact-js-3d0b69ec82d614cf4c5e.js","component---src-pages-contact-js-3d0b69ec82d614cf4c5e.js.map"],"children":{},"childAssets":{}},"component---src-pages-index-js":{"chunks":[0,2,1,5],"assets":["0-65c8130383827cc99e6b.js","0-65c8130383827cc99e6b.js.map","2-135341ab5b075461fb7c.js","2-135341ab5b075461fb7c.js.map","1.79808fd2972cf7092f03.css","1-bcc6120dd400d1099abe.js","1.79808fd2972cf7092f03.css.map","1-bcc6120dd400d1099abe.js.map","component---src-pages-index-js-5d3ff93ae6d9f7033fc0.js","component---src-pages-index-js-5d3ff93ae6d9f7033fc0.js.map"],"children":{},"childAssets":{}}},"assetsByChunkName":{"app":["webpack-runtime-b31f0be849e2fc1ac554.js","app-baaa5c63eaeaa79a26fb.js"],"component---src-pages-404-js":["0-65c8130383827cc99e6b.js","2-135341ab5b075461fb7c.js","1.79808fd2972cf7092f03.css","1-bcc6120dd400d1099abe.js","component---src-pages-404-js-99133e43bd9349fbb3e2.js"],"component---src-i-18-n-redirect-js":["0-65c8130383827cc99e6b.js","component---src-i-18-n-redirect-js-4f5ae5e909ac257c6353.js"],"component---src-pages-about-js":["0-65c8130383827cc99e6b.js","2-135341ab5b075461fb7c.js","1.79808fd2972cf7092f03.css","1-bcc6120dd400d1099abe.js","component---src-pages-about-js-5df7f65a26c8a5686599.js"],"component---src-pages-contact-js":["0-65c8130383827cc99e6b.js","2-135341ab5b075461fb7c.js","1.79808fd2972cf7092f03.css","1-bcc6120dd400d1099abe.js","component---src-pages-contact-js-3d0b69ec82d614cf4c5e.js"],"component---src-pages-index-js":["0-65c8130383827cc99e6b.js","2-135341ab5b075461fb7c.js","1.79808fd2972cf7092f03.css","1-bcc6120dd400d1099abe.js","component---src-pages-index-js-5d3ff93ae6d9f7033fc0.js"]}}