{"errors":[],"warnings":[],"namedChunkGroups":{"app":{"chunks":[3,10],"assets":["webpack-runtime-530d2bc26ea950a47187.js","webpack-runtime-530d2bc26ea950a47187.js.map","app-baaa5c63eaeaa79a26fb.js","app-baaa5c63eaeaa79a26fb.js.map"],"children":{},"childAssets":{}},"component---src-pages-404-js":{"chunks":[0,2,1,9],"assets":["0-4304ab6a08d358ecc2ef.js","0-4304ab6a08d358ecc2ef.js.map","2-14c9c0b13b8b07c151a1.js","2-14c9c0b13b8b07c151a1.js.map","1.79808fd2972cf7092f03.css","1-5e37488b791c24350886.js","1.79808fd2972cf7092f03.css.map","1-5e37488b791c24350886.js.map","component---src-pages-404-js-af632b79b66e54bcbd81.js","component---src-pages-404-js-af632b79b66e54bcbd81.js.map"],"children":{},"childAssets":{}},"component---src-i-18-n-redirect-js":{"chunks":[0,8],"assets":["0-4304ab6a08d358ecc2ef.js","0-4304ab6a08d358ecc2ef.js.map","component---src-i-18-n-redirect-js-d3e4a0efee88a8d983d1.js","component---src-i-18-n-redirect-js-d3e4a0efee88a8d983d1.js.map"],"children":{},"childAssets":{}},"component---src-pages-about-js":{"chunks":[0,2,1,7],"assets":["0-4304ab6a08d358ecc2ef.js","0-4304ab6a08d358ecc2ef.js.map","2-14c9c0b13b8b07c151a1.js","2-14c9c0b13b8b07c151a1.js.map","1.79808fd2972cf7092f03.css","1-5e37488b791c24350886.js","1.79808fd2972cf7092f03.css.map","1-5e37488b791c24350886.js.map","component---src-pages-about-js-8ce6aa5d679a3f41b049.js","component---src-pages-about-js-8ce6aa5d679a3f41b049.js.map"],"children":{},"childAssets":{}},"component---src-pages-contact-js":{"chunks":[0,2,1,6],"assets":["0-4304ab6a08d358ecc2ef.js","0-4304ab6a08d358ecc2ef.js.map","2-14c9c0b13b8b07c151a1.js","2-14c9c0b13b8b07c151a1.js.map","1.79808fd2972cf7092f03.css","1-5e37488b791c24350886.js","1.79808fd2972cf7092f03.css.map","1-5e37488b791c24350886.js.map","component---src-pages-contact-js-37eb51a51c0dc061144a.js","component---src-pages-contact-js-37eb51a51c0dc061144a.js.map"],"children":{},"childAssets":{}},"component---src-pages-index-js":{"chunks":[0,2,1,5],"assets":["0-4304ab6a08d358ecc2ef.js","0-4304ab6a08d358ecc2ef.js.map","2-14c9c0b13b8b07c151a1.js","2-14c9c0b13b8b07c151a1.js.map","1.79808fd2972cf7092f03.css","1-5e37488b791c24350886.js","1.79808fd2972cf7092f03.css.map","1-5e37488b791c24350886.js.map","component---src-pages-index-js-deb891b9d29ac37bef61.js","component---src-pages-index-js-deb891b9d29ac37bef61.js.map"],"children":{},"childAssets":{}}},"assetsByChunkName":{"app":["webpack-runtime-530d2bc26ea950a47187.js","app-baaa5c63eaeaa79a26fb.js"],"component---src-pages-404-js":["0-4304ab6a08d358ecc2ef.js","2-14c9c0b13b8b07c151a1.js","1.79808fd2972cf7092f03.css","1-5e37488b791c24350886.js","component---src-pages-404-js-af632b79b66e54bcbd81.js"],"component---src-i-18-n-redirect-js":["0-4304ab6a08d358ecc2ef.js","component---src-i-18-n-redirect-js-d3e4a0efee88a8d983d1.js"],"component---src-pages-about-js":["0-4304ab6a08d358ecc2ef.js","2-14c9c0b13b8b07c151a1.js","1.79808fd2972cf7092f03.css","1-5e37488b791c24350886.js","component---src-pages-about-js-8ce6aa5d679a3f41b049.js"],"component---src-pages-contact-js":["0-4304ab6a08d358ecc2ef.js","2-14c9c0b13b8b07c151a1.js","1.79808fd2972cf7092f03.css","1-5e37488b791c24350886.js","component---src-pages-contact-js-37eb51a51c0dc061144a.js"],"component---src-pages-index-js":["0-4304ab6a08d358ecc2ef.js","2-14c9c0b13b8b07c151a1.js","1.79808fd2972cf7092f03.css","1-5e37488b791c24350886.js","component---src-pages-index-js-deb891b9d29ac37bef61.js"]}}